7.484349285700054866e-01,4.650088402179675118e-01,0.000000000000000000e+00,9.903743811947520737e-01,4.277979450102587511e-01,0.000000000000000000e+00
7.442903829592575349e-01,4.609281706079280116e-01,0.000000000000000000e+00,9.244611752309461750e-01,4.277731277049377501e-01,0.000000000000000000e+00
7.414237749141405764e-01,4.623350250773635151e-01,0.000000000000000000e+00,8.350727432947093742e-01,4.216313730177881358e-01,0.000000000000000000e+00
7.062633894712578853e-01,4.726201468730981126e-01,0.000000000000000000e+00,7.771574049774410131e-01,4.174707188092153243e-01,0.000000000000000000e+00
7.409841607527346552e-01,4.798149426107773396e-01,0.000000000000000000e+00,7.207684850105707808e-01,4.226961796854440401e-01,0.000000000000000000e+00
7.713598964661696478e-01,4.639753017533083113e-01,0.000000000000000000e+00,6.687072774708844314e-01,4.139772115308503198e-01,0.000000000000000000e+00
7.955029158583613036e-01,4.610325968959665954e-01,0.000000000000000000e+00,6.243662469149107164e-01,4.114779692615807005e-01,0.000000000000000000e+00
8.515592961168708674e-01,4.663368586181880215e-01,0.000000000000000000e+00,5.947233046099118514e-01,4.166857967187259648e-01,0.000000000000000000e+00
9.127656670055926957e-01,4.752539413705250126e-01,0.000000000000000000e+00,5.773619775158519429e-01,4.181360543391118845e-01,0.000000000000000000e+00
9.650475641935765125e-01,4.862909382042371331e-01,0.000000000000000000e+00,5.483406871716545172e-01,4.178356563571977711e-01,0.000000000000000000e+00
9.719023999683568116e-01,5.154496005554622950e-01,0.000000000000000000e+00,4.875605779357364833e-01,4.159035918655727415e-01,0.000000000000000000e+00
9.702553953435634204e-01,5.168695979955536535e-01,0.000000000000000000e+00,4.158398208486321912e-01,4.195026978513304305e-01,0.000000000000000000e+00
9.617813337050358236e-01,5.483633892706565316e-01,0.000000000000000000e+00,3.432007608158894052e-01,4.155606636335671955e-01,0.000000000000000000e+00
9.639022493069705488e-01,5.691271648725898524e-01,0.000000000000000000e+00,2.607306977885602839e-01,4.182493816308747725e-01,0.000000000000000000e+00
9.757294225945809529e-01,5.347650353077169072e-01,0.000000000000000000e+00,1.785640393061560249e-01,4.144160605325303837e-01,0.000000000000000000e+00
9.729617508647272484e-01,5.181528488781387276e-01,0.000000000000000000e+00,7.836486426265706906e-02,4.133989394786919958e-01,0.000000000000000000e+00
9.746312038381091947e-01,5.185180939513706067e-01,0.000000000000000000e+00,9.328983783164537455e-03,4.143647114715330870e-01,0.000000000000000000e+00
9.193885349862555012e-01,4.841033689483797975e-01,0.000000000000000000e+00,4.652809503984974351e-03,4.146199281478883947e-01,0.000000000000000000e+00
8.397483356021538947e-01,4.410301895003385653e-01,0.000000000000000000e+00,1.220134541376920699e-02,4.126179083889763843e-01,0.000000000000000000e+00
7.738781390111053593e-01,4.420033753277531896e-01,0.000000000000000000e+00,1.100121835647380371e-02,4.079276982914828431e-01,0.000000000000000000e+00
8.177948841010124204e-01,4.707288720716388819e-01,0.000000000000000000e+00,9.892659114840390844e-01,4.195773394545710966e-01,0.000000000000000000e+00
8.151602743420762742e-01,4.670347688540915643e-01,0.000000000000000000e+00,9.276605440823858517e-01,4.213597346287929479e-01,0.000000000000000000e+00
8.127241920770987837e-01,4.689146684741530291e-01,0.000000000000000000e+00,8.413552673910242863e-01,4.219563081364731127e-01,0.000000000000000000e+00
8.145013373287206537e-01,4.696871252124789620e-01,0.000000000000000000e+00,7.803931662360509280e-01,4.098644080953670610e-01,0.000000000000000000e+00
8.269828775556584688e-01,4.687684263126992157e-01,0.000000000000000000e+00,7.318135954642781549e-01,4.190888470029315305e-01,0.000000000000000000e+00
8.417041664939395318e-01,4.814087271930840295e-01,0.000000000000000000e+00,6.851888596948898513e-01,4.169418024118995425e-01,0.000000000000000000e+00
8.334934566069317485e-01,4.804942444268320845e-01,0.000000000000000000e+00,6.365292892383809242e-01,4.252976358526678879e-01,0.000000000000000000e+00
8.302720814346120637e-01,4.676574324928112203e-01,0.000000000000000000e+00,5.794133929117292192e-01,4.263624350769085192e-01,0.000000000000000000e+00
8.555304665528744579e-01,4.624495476224101953e-01,0.000000000000000000e+00,5.420761217958551814e-01,4.184045398503381530e-01,0.000000000000000000e+00
8.971196478235642369e-01,4.752534592700748406e-01,0.000000000000000000e+00,5.096329890455014722e-01,4.165475705679255181e-01,0.000000000000000000e+00
9.180881332051203936e-01,4.872320691416394123e-01,0.000000000000000000e+00,4.634353849199002728e-01,4.173824050679995068e-01,0.000000000000000000e+00
9.191572242003457349e-01,4.813474531847426463e-01,0.000000000000000000e+00,4.051431781403644350e-01,4.183929595214173625e-01,0.000000000000000000e+00
9.356727080854895240e-01,4.883132167090912801e-01,0.000000000000000000e+00,3.374970372523556361e-01,4.146235882219997948e-01,0.000000000000000000e+00
9.446136025631280964e-01,4.934422576503162960e-01,0.000000000000000000e+00,2.663127856029492979e-01,4.168640720977399572e-01,0.000000000000000000e+00
9.503249518691997411e-01,4.851741776379726589e-01,0.000000000000000000e+00,1.974061404114608731e-01,4.171141401461325171e-01,0.000000000000000000e+00
9.450050315509210819e-01,4.861586111567890445e-01,0.000000000000000000e+00,1.295049879512732149e-01,4.228145727757965378e-01,0.000000000000000000e+00
9.222401836482807536e-01,4.860361960992125030e-01,0.000000000000000000e+00,5.255874482290841948e-02,4.118419339753479069e-01,0.000000000000000000e+00
8.787563804939999557e-01,4.794668164811390354e-01,0.000000000000000000e+00,1.226778635353482742e-02,4.154156945253597022e-01,0.000000000000000000e+00
8.404205495987592256e-01,4.831515119189388474e-01,0.000000000000000000e+00,5.363484204942373795e-03,4.140697433320182363e-01,0.000000000000000000e+00
7.981359236585440220e-01,4.902094752625438812e-01,0.000000000000000000e+00,1.125363560024786672e-02,4.137499128426836981e-01,0.000000000000000000e+00
8.762277624816224852e-01,4.762485127708805943e-01,0.000000000000000000e+00,9.862249431731245908e-01,4.209600459228985958e-01,0.000000000000000000e+00
8.726444076175773334e-01,4.795605756707974066e-01,0.000000000000000000e+00,9.284401593323481361e-01,4.177133217074032734e-01,0.000000000000000000e+00
8.810035657102571749e-01,4.819625843103411134e-01,0.000000000000000000e+00,8.398261535434449199e-01,4.186249470587601884e-01,0.000000000000000000e+00
8.803908236244449848e-01,4.792309952045174515e-01,0.000000000000000000e+00,7.817967943978807455e-01,4.135799644358955085e-01,0.000000000000000000e+00
8.967431280726477771e-01,4.822062100686140274e-01,0.000000000000000000e+00,7.273156869900571087e-01,4.191350425287401760e-01,0.000000000000000000e+00
9.088296868869714107e-01,4.805112056987467239e-01,0.000000000000000000e+00,6.659739111797637889e-01,4.153996035793642294e-01,0.000000000000000000e+00
8.759891461834179438e-01,4.868893222161256862e-01,0.000000000000000000e+00,6.225943187119302724e-01,4.158380532961098441e-01,0.000000000000000000e+00
8.201048533979999888e-01,4.902977145901146194e-01,0.000000000000000000e+00,5.643796931059388289e-01,4.129693286344912617e-01,0.000000000000000000e+00
7.911909814954142250e-01,4.660377806086827834e-01,0.000000000000000000e+00,5.314053735083290597e-01,4.144542406748102370e-01,0.000000000000000000e+00
8.348805385711718374e-01,4.661915284928966896e-01,0.000000000000000000e+00,4.930553589309348284e-01,4.159532855974192866e-01,0.000000000000000000e+00
8.603449966064447008e-01,4.782010325926381311e-01,0.000000000000000000e+00,4.521140438934911354e-01,4.192379122950421477e-01,0.000000000000000000e+00
8.733666838593876491e-01,4.817917234303353835e-01,0.000000000000000000e+00,3.936009731853067350e-01,4.174674780531082985e-01,0.000000000000000000e+00
8.853161645601066443e-01,4.784654253591028583e-01,0.000000000000000000e+00,3.263538845033793767e-01,4.133250536060948943e-01,0.000000000000000000e+00
8.941196890321259083e-01,4.833715710701330659e-01,0.000000000000000000e+00,2.684768732106658229e-01,4.160056664709662066e-01,0.000000000000000000e+00
9.002414371718154840e-01,4.771122800272709630e-01,0.000000000000000000e+00,2.117320787238745616e-01,4.191687825574959003e-01,0.000000000000000000e+00
9.025088561209775317e-01,4.755856179462698563e-01,0.000000000000000000e+00,1.619477787156591575e-01,4.208316408385207041e-01,0.000000000000000000e+00
8.714978387637684065e-01,4.679436161105847147e-01,0.000000000000000000e+00,1.038899155634371158e-01,4.182114160468656805e-01,0.000000000000000000e+00
8.568355817790844764e-01,4.870621017625444971e-01,0.000000000000000000e+00,5.975315156847102460e-02,4.129930530206252781e-01,0.000000000000000000e+00
8.633014308008231108e-01,5.381087788912779502e-01,0.000000000000000000e+00,2.273744337664879503e-02,4.129098729435573545e-01,0.000000000000000000e+00
8.225437334637961673e-01,5.919931375122140516e-01,0.000000000000000000e+00,1.163188715441668478e-02,4.158631380350850670e-01,0.000000000000000000e+00
9.521380572056408198e-01,5.007606934881836391e-01,0.000000000000000000e+00,9.893569990710541218e-01,4.193281505195600167e-01,0.000000000000000000e+00
9.451257351250965666e-01,5.079855748312688268e-01,0.000000000000000000e+00,9.319628986369825618e-01,4.179294173263310985e-01,0.000000000000000000e+00
9.553441699635381035e-01,5.090018626344930963e-01,0.000000000000000000e+00,8.525075737987835023e-01,4.161997013128845291e-01,0.000000000000000000e+00
9.576971514126165763e-01,4.988781988573188775e-01,0.000000000000000000e+00,7.841630634113031517e-01,4.116945013076359072e-01,0.000000000000000000e+00
9.608550710226902991e-01,5.104461254636359913e-01,0.000000000000000000e+00,7.214350803445804816e-01,4.154867987997529766e-01,0.000000000000000000e+00
9.684301194973676807e-01,5.315316357353128129e-01,0.000000000000000000e+00,6.448761762176276058e-01,4.156859782626385891e-01,0.000000000000000000e+00
9.092182907049570773e-01,5.487100507735882537e-01,0.000000000000000000e+00,5.989142078629180466e-01,4.130242770615760728e-01,0.000000000000000000e+00
8.353398482745955089e-01,5.660855802681280524e-01,0.000000000000000000e+00,5.483499115545100722e-01,4.152435353388986283e-01,0.000000000000000000e+00
8.013514924113620541e-01,5.118618503525191876e-01,0.000000000000000000e+00,4.990539548138480663e-01,4.165054016201690246e-01,0.000000000000000000e+00
7.916422310850079747e-01,4.756516355518713435e-01,0.000000000000000000e+00,4.723903317480367403e-01,4.164641034581389456e-01,0.000000000000000000e+00
8.191305683195092557e-01,4.720032770905309150e-01,0.000000000000000000e+00,4.311574543586464969e-01,4.144676637072259862e-01,0.000000000000000000e+00
8.355551684748353525e-01,4.746014905796278049e-01,0.000000000000000000e+00,3.776354950483262196e-01,4.177651809490240398e-01,0.000000000000000000e+00
8.403675390726867978e-01,4.851259287299709566e-01,0.000000000000000000e+00,3.263787976008101221e-01,4.175292967161897129e-01,0.000000000000000000e+00
8.449337860917758292e-01,4.901046211307830136e-01,0.000000000000000000e+00,2.677201517817024423e-01,4.081115365846065268e-01,0.000000000000000000e+00
8.542126115836968792e-01,4.717213712370035283e-01,0.000000000000000000e+00,2.189879343582847027e-01,4.153761524256038284e-01,0.000000000000000000e+00
8.526619685844200047e-01,4.701865035548887795e-01,0.000000000000000000e+00,1.743830340694882686e-01,4.171989963841160054e-01,0.000000000000000000e+00
8.440374796520546674e-01,4.839770883930003542e-01,0.000000000000000000e+00,1.298093540678565971e-01,4.214035620081998390e-01,0.000000000000000000e+00
8.720382428174049405e-01,5.507157550791053069e-01,0.000000000000000000e+00,1.172228741342486169e-01,4.153552213704679308e-01,0.000000000000000000e+00
9.153196892237195348e-01,6.550675206698574060e-01,0.000000000000000000e+00,1.157410275902836377e-01,4.134347253416382761e-01,0.000000000000000000e+00
9.101113705789976027e-01,6.943457657387357429e-01,0.000000000000000000e+00,2.159223488466843408e-02,4.131934921602272159e-01,0.000000000000000000e+00
8.997523420868969168e-01,5.916217665602436782e-01,0.000000000000000000e+00,9.853732366424129419e-01,4.204356814361298045e-01,0.000000000000000000e+00
9.053152174122214291e-01,6.503245056384859835e-01,0.000000000000000000e+00,9.443430198393385488e-01,4.175005171416036887e-01,0.000000000000000000e+00
8.807167438998407816e-01,6.270075411163027468e-01,0.000000000000000000e+00,8.420146810731471421e-01,4.139056207230660811e-01,0.000000000000000000e+00
9.113099037375671507e-01,5.986907646799356497e-01,0.000000000000000000e+00,7.840550192000862451e-01,4.156358407831528545e-01,0.000000000000000000e+00
9.120732649341768417e-01,6.310802433908178077e-01,0.000000000000000000e+00,7.154551983041890217e-01,4.172636536761955561e-01,0.000000000000000000e+00
9.277722446047881322e-01,6.442382286980421480e-01,0.000000000000000000e+00,6.453175915351901937e-01,4.133385313820744367e-01,0.000000000000000000e+00
9.079968411280483487e-01,6.498124396867002162e-01,0.000000000000000000e+00,5.614205653338959490e-01,4.167920829923701942e-01,0.000000000000000000e+00
9.016316165277329375e-01,6.461772741352849181e-01,0.000000000000000000e+00,4.702816691907301672e-01,4.164374059925652904e-01,0.000000000000000000e+00
8.277749041930058116e-01,6.182787816389261337e-01,0.000000000000000000e+00,4.324368048231321260e-01,4.194576715090568286e-01,0.000000000000000000e+00
7.942424826200078503e-01,5.344367940838962161e-01,0.000000000000000000e+00,4.268681785301779441e-01,4.190681332778119494e-01,0.000000000000000000e+00
7.631298547036279301e-01,4.713051732321982823e-01,0.000000000000000000e+00,4.178965096550276703e-01,4.172137747978774680e-01,0.000000000000000000e+00
8.006808714315345465e-01,4.593592628871268069e-01,0.000000000000000000e+00,3.665653104754630909e-01,4.187819160996230083e-01,0.000000000000000000e+00
8.137872773294325679e-01,4.504432274591465002e-01,0.000000000000000000e+00,3.093008276015149494e-01,4.176684857631932646e-01,0.000000000000000000e+00
8.122101319959056376e-01,4.741552365198218877e-01,0.000000000000000000e+00,2.593183517851232467e-01,4.178034741439023980e-01,0.000000000000000000e+00
8.133008879183550865e-01,4.688981366251775418e-01,0.000000000000000000e+00,2.135568177039749160e-01,4.190557010495835621e-01,0.000000000000000000e+00
8.159463992251071440e-01,4.500156321088245037e-01,0.000000000000000000e+00,1.646903060629789084e-01,4.065709150244454784e-01,0.000000000000000000e+00
8.117383211563233836e-01,4.988277182939049315e-01,0.000000000000000000e+00,1.460143609005402909e-01,4.145558339893304356e-01,0.000000000000000000e+00
8.188764842032535407e-01,6.004517397652644473e-01,0.000000000000000000e+00,1.524113032916291355e-01,4.166395585844939742e-01,0.000000000000000000e+00
8.604761944526895245e-01,7.129853722275639738e-01,0.000000000000000000e+00,1.292123692992097339e-01,4.129743556406479943e-01,0.000000000000000000e+00
8.431344305725411159e-01,7.862091694681596632e-01,0.000000000000000000e+00,4.426740060296825013e-02,4.134700510490621483e-01,0.000000000000000000e+00
7.906100732598208003e-01,6.726243798435137533e-01,0.000000000000000000e+00,9.756608733838457725e-01,4.241188892721109993e-01,0.000000000000000000e+00
8.045495569266748470e-01,7.801203793137907461e-01,0.000000000000000000e+00,9.442103835133152101e-01,4.253233845789238243e-01,0.000000000000000000e+00
7.803727025678373064e-01,7.786579163542853843e-01,0.000000000000000000e+00,8.217381634332117102e-01,4.148034992905851870e-01,0.000000000000000000e+00
7.844317707159397246e-01,6.964792083143940271e-01,0.000000000000000000e+00,7.612257471925544250e-01,4.204435474660790928e-01,0.000000000000000000e+00
8.437577016623353243e-01,7.646577354896696432e-01,0.000000000000000000e+00,7.108893695877669394e-01,4.192007086488860335e-01,0.000000000000000000e+00
8.681670185111778348e-01,7.644201406484584238e-01,0.000000000000000000e+00,6.272982738733968722e-01,4.165573775925739963e-01,0.000000000000000000e+00
8.626076079661176843e-01,7.605492642373847811e-01,0.000000000000000000e+00,5.346227172596823563e-01,4.181891592801934010e-01,0.000000000000000000e+00
8.765514214406672222e-01,7.508677244043765464e-01,0.000000000000000000e+00,4.131728505781592786e-01,4.176123934648517388e-01,0.000000000000000000e+00
8.808399618804171327e-01,7.127172983246999882e-01,0.000000000000000000e+00,3.172628695859818770e-01,4.149307135054638440e-01,0.000000000000000000e+00
8.079136592604990730e-01,6.257959723736883362e-01,0.000000000000000000e+00,3.237459428912631276e-01,4.157451811635545225e-01,0.000000000000000000e+00
7.625317718370575593e-01,5.207035148318763795e-01,0.000000000000000000e+00,3.622809535798757197e-01,4.182701283960985061e-01,0.000000000000000000e+00
7.488923176335626763e-01,4.648441071347636511e-01,0.000000000000000000e+00,3.554768955869463398e-01,4.195373444093812298e-01,0.000000000000000000e+00
7.601753259170097587e-01,4.613372897841668263e-01,0.000000000000000000e+00,2.972469288352871941e-01,4.142750274461037274e-01,0.000000000000000000e+00
7.663136685529301495e-01,4.755884785963189754e-01,0.000000000000000000e+00,2.458384093875859433e-01,4.172633266964174137e-01,0.000000000000000000e+00
7.667793853285128636e-01,4.681532714620770808e-01,0.000000000000000000e+00,1.969750712345813559e-01,4.231531089422798653e-01,0.000000000000000000e+00
7.767696713381453399e-01,4.571871006038583651e-01,0.000000000000000000e+00,1.403454297005367613e-01,4.146542045339838278e-01,0.000000000000000000e+00
7.764142847406497738e-01,4.967573109693622646e-01,0.000000000000000000e+00,1.034051163097940429e-01,4.164488260610812453e-01,0.000000000000000000e+00
7.667572914672522444e-01,6.103281134694716892e-01,0.000000000000000000e+00,9.075443746162953351e-02,4.134448231081724323e-01,0.000000000000000000e+00
7.533049878789415121e-01,7.070589046056766636e-01,0.000000000000000000e+00,6.284621894019561117e-02,4.121453159919710729e-01,0.000000000000000000e+00
7.271042227937211111e-01,7.894371478159507571e-01,0.000000000000000000e+00,7.072424095549907641e-02,4.158156078904711728e-01,0.000000000000000000e+00
6.931729525157056537e-01,7.417216655171342543e-01,0.000000000000000000e+00,9.801870906393148619e-01,4.206307106011278329e-01,0.000000000000000000e+00
6.857367035217032392e-01,7.476007637441312026e-01,0.000000000000000000e+00,9.082765126350851315e-01,4.196221658778220287e-01,0.000000000000000000e+00
6.733564336465324152e-01,7.458207519477566549e-01,0.000000000000000000e+00,8.171740746443761916e-01,4.154743893426797730e-01,0.000000000000000000e+00
6.769986495825052186e-01,7.459354684017706072e-01,0.000000000000000000e+00,7.434346503368982617e-01,4.167346381929400989e-01,0.000000000000000000e+00
7.178468002622248045e-01,7.784312732658243972e-01,0.000000000000000000e+00,6.809684635891249949e-01,4.162352221973935062e-01,0.000000000000000000e+00
7.409050601279759674e-01,7.874179551072961747e-01,0.000000000000000000e+00,5.954022896009850685e-01,4.242801919971191937e-01,0.000000000000000000e+00
7.658166297498751884e-01,8.041140616594648627e-01,0.000000000000000000e+00,4.985563476460432852e-01,4.171094722699233981e-01,0.000000000000000000e+00
7.753008305232613750e-01,8.020349634930628024e-01,0.000000000000000000e+00,3.834689643460345021e-01,4.163477762193990572e-01,0.000000000000000000e+00
7.789767206265044708e-01,7.962183116513090742e-01,0.000000000000000000e+00,2.518027071128366989e-01,4.152906581246527673e-01,0.000000000000000000e+00
7.374308728221730114e-01,6.893868000705893895e-01,0.000000000000000000e+00,2.643827478047203750e-01,4.138706462024839827e-01,0.000000000000000000e+00
7.017265416312866710e-01,5.624025610863732094e-01,0.000000000000000000e+00,3.145015144802802420e-01,4.149068822619759733e-01,0.000000000000000000e+00
6.804495676553826700e-01,4.765767723253747645e-01,0.000000000000000000e+00,3.550713814611950458e-01,4.147542466553627016e-01,0.000000000000000000e+00
6.924152256094796565e-01,4.384157018224044688e-01,0.000000000000000000e+00,3.024091351391255955e-01,4.167625964444467423e-01,0.000000000000000000e+00
7.025610153638813804e-01,4.479409827854489712e-01,0.000000000000000000e+00,2.429234053195842014e-01,4.195878267043950949e-01,0.000000000000000000e+00
7.148260149088813131e-01,4.565272719620295239e-01,0.000000000000000000e+00,1.787302218210535532e-01,4.202111371985631783e-01,0.000000000000000000e+00
7.248253813272188539e-01,4.782159167929638244e-01,0.000000000000000000e+00,1.189807797977035786e-01,4.127021256223393775e-01,0.000000000000000000e+00
7.273643582414661690e-01,4.900832949881672174e-01,0.000000000000000000e+00,3.819105391639642660e-02,4.115237269131181708e-01,0.000000000000000000e+00
7.028136760182555065e-01,5.619320318190783592e-01,0.000000000000000000e+00,3.001820407460685167e-02,4.094555682476585523e-01,0.000000000000000000e+00
6.854480706640567744e-01,6.798399516898278039e-01,0.000000000000000000e+00,2.956340052593359885e-02,4.059622529974555305e-01,0.000000000000000000e+00
6.559344880220046026e-01,7.532211813364799724e-01,0.000000000000000000e+00,2.673619646480532991e-02,4.139400420011545290e-01,0.000000000000000000e+00
5.794357236113234499e-01,6.952620654780390375e-01,0.000000000000000000e+00,9.823415349455696388e-01,4.221501365933438277e-01,0.000000000000000000e+00
5.603492524452253765e-01,6.833303147169690339e-01,0.000000000000000000e+00,8.968689128375000319e-01,4.217714910735111955e-01,0.000000000000000000e+00
5.484395875689316302e-01,6.784793507673300139e-01,0.000000000000000000e+00,7.925899481273263047e-01,4.169006620273449926e-01,0.000000000000000000e+00
5.549244773450104917e-01,6.862267715462655460e-01,0.000000000000000000e+00,7.110213269006597780e-01,4.180997428248872660e-01,0.000000000000000000e+00
6.058602470428861020e-01,7.092842376184966824e-01,0.000000000000000000e+00,6.292657092154233522e-01,4.160109310882833533e-01,0.000000000000000000e+00
6.543681734668290728e-01,7.292605865596959447e-01,0.000000000000000000e+00,5.761485833552900671e-01,4.164360601402129491e-01,0.000000000000000000e+00
6.755602547630660260e-01,7.484227045926693522e-01,0.000000000000000000e+00,5.042789427125599078e-01,4.153827201619229026e-01,0.000000000000000000e+00
6.892215371337362395e-01,7.644283881100255584e-01,0.000000000000000000e+00,4.138546860450998399e-01,4.151966120712697328e-01,0.000000000000000000e+00
6.899988635179880037e-01,7.677568118575598399e-01,0.000000000000000000e+00,2.988086424013302045e-01,4.145418452267389253e-01,0.000000000000000000e+00
6.340275852335092166e-01,7.250702438783763748e-01,0.000000000000000000e+00,2.085364225163591489e-01,4.141434334299978759e-01,0.000000000000000000e+00
6.209860055460898476e-01,5.955507395441891338e-01,0.000000000000000000e+00,2.758047462717586606e-01,4.159359392659572885e-01,0.000000000000000000e+00
6.135824341346236555e-01,4.812918527626922627e-01,0.000000000000000000e+00,3.330210222885393034e-01,4.154530582465066901e-01,0.000000000000000000e+00
6.201281870353455572e-01,4.004067410963366713e-01,0.000000000000000000e+00,2.986048119023373970e-01,4.063877343986708190e-01,0.000000000000000000e+00
6.469283142595558811e-01,3.878553946602908420e-01,0.000000000000000000e+00,2.246316165462865777e-01,4.174789792701675273e-01,0.000000000000000000e+00
6.674835656216547841e-01,4.691777291080240775e-01,0.000000000000000000e+00,1.799972701061197111e-01,4.190101383045869432e-01,0.000000000000000000e+00
6.729912496362137064e-01,4.692096907456178578e-01,0.000000000000000000e+00,1.012513851665027970e-01,4.119995459853930675e-01,0.000000000000000000e+00
6.741611755126521999e-01,4.752269871147914437e-01,0.000000000000000000e+00,2.039999392857768865e-02,4.100685007011402594e-01,0.000000000000000000e+00
6.234049425169390091e-01,5.203189680378833559e-01,0.000000000000000000e+00,1.591539560089360802e-02,4.125765374995923329e-01,0.000000000000000000e+00
5.949315974917048777e-01,6.376567666022708858e-01,0.000000000000000000e+00,3.767863457228290414e-02,4.137553294863339781e-01,0.000000000000000000e+00
5.665191847922270707e-01,7.083992987601337443e-01,0.000000000000000000e+00,2.653982362831575417e-02,4.149734908139645073e-01,0.000000000000000000e+00
4.683771429551335519e-01,6.257505821183080297e-01,0.000000000000000000e+00,9.794615232950721895e-01,4.202920844599307149e-01,0.000000000000000000e+00
4.458343333200545100e-01,6.132668541735922796e-01,0.000000000000000000e+00,8.879419129538953515e-01,4.219204107622683275e-01,0.000000000000000000e+00
4.301845474886002996e-01,6.050208640662148030e-01,0.000000000000000000e+00,7.837855745223213377e-01,4.140917603060758623e-01,0.000000000000000000e+00
4.496139176238266866e-01,6.046633768963541877e-01,0.000000000000000000e+00,6.800994589386508693e-01,4.189435733136276374e-01,0.000000000000000000e+00
5.702128940089833398e-01,5.889553111238401417e-01,0.000000000000000000e+00,6.328409918233706133e-01,4.201266471659608204e-01,0.000000000000000000e+00
6.682606817881010519e-01,5.802110828650803853e-01,0.000000000000000000e+00,5.952842431602592965e-01,4.174494665725826947e-01,0.000000000000000000e+00
7.037207096405997397e-01,5.992026504161117595e-01,0.000000000000000000e+00,5.324473630032647842e-01,4.185112810559882268e-01,0.000000000000000000e+00
6.792994678221796478e-01,6.278109215936580334e-01,0.000000000000000000e+00,4.479872593120028390e-01,4.174751222382619975e-01,0.000000000000000000e+00
6.291616702321570775e-01,7.002468588575482267e-01,0.000000000000000000e+00,3.736865000127274072e-01,4.162025854410936754e-01,0.000000000000000000e+00
5.734224502934388568e-01,6.971660793487483021e-01,0.000000000000000000e+00,3.255414121950262474e-01,4.186157970825410413e-01,0.000000000000000000e+00
5.639040417662863902e-01,5.773737062154461475e-01,0.000000000000000000e+00,3.332743619303341620e-01,4.195916139074855611e-01,0.000000000000000000e+00
5.314297114675827771e-01,4.717380282817910109e-01,0.000000000000000000e+00,3.484966773042509347e-01,4.167554779553009903e-01,0.000000000000000000e+00
5.586829971408120432e-01,4.592941860041359070e-01,0.000000000000000000e+00,2.874968863307501565e-01,4.145282436264671744e-01,0.000000000000000000e+00
6.006981948822910367e-01,4.662746757712816215e-01,0.000000000000000000e+00,2.279008954591237313e-01,4.164068300177143911e-01,0.000000000000000000e+00
6.130564902124810978e-01,4.859314269509109052e-01,0.000000000000000000e+00,1.672582707123173584e-01,4.139784520700553472e-01,0.000000000000000000e+00
6.257771154352688159e-01,4.741614595368559004e-01,0.000000000000000000e+00,8.655922448891316401e-02,4.135093271129521852e-01,0.000000000000000000e+00
6.139022688962808560e-01,4.599154870977785192e-01,0.000000000000000000e+00,1.483595628656789005e-02,4.118883683036054233e-01,0.000000000000000000e+00
5.643834040087013504e-01,4.895272861129681963e-01,0.000000000000000000e+00,1.322692106422126632e-02,4.136351118330871546e-01,0.000000000000000000e+00
5.142368108550942063e-01,5.596808160684918487e-01,0.000000000000000000e+00,2.473776826343885085e-02,4.096017809043281943e-01,0.000000000000000000e+00
4.701371274203725026e-01,6.429777680144421748e-01,0.000000000000000000e+00,2.514971186436936942e-02,4.124517458538409231e-01,0.000000000000000000e+00
5.089588311355141004e-01,4.877535309337091007e-01,0.000000000000000000e+00,9.778794308815885739e-01,4.207295331167924535e-01,0.000000000000000000e+00
5.042704510075290969e-01,5.043688174709684002e-01,0.000000000000000000e+00,8.956874416666347205e-01,4.322902966422501603e-01,0.000000000000000000e+00
4.822815097583991739e-01,4.878117816534250362e-01,0.000000000000000000e+00,7.943263657941423972e-01,4.160405898667360325e-01,0.000000000000000000e+00
4.976583593293393282e-01,4.883988505040214867e-01,0.000000000000000000e+00,6.883101248336568334e-01,4.181036106340509373e-01,0.000000000000000000e+00
6.106723137134099089e-01,4.881731822627292106e-01,0.000000000000000000e+00,6.579400252676668170e-01,4.191392907908199073e-01,0.000000000000000000e+00
6.822260607879181427e-01,4.831145806722839664e-01,0.000000000000000000e+00,5.974294291090015419e-01,4.186955701426171572e-01,0.000000000000000000e+00
6.884482061096371952e-01,4.752321082183366685e-01,0.000000000000000000e+00,5.230348577583695535e-01,4.146752354924720385e-01,0.000000000000000000e+00
6.621342285744584721e-01,4.935665906648395995e-01,0.000000000000000000e+00,4.593648946909785757e-01,4.179475690510941477e-01,0.000000000000000000e+00
5.821347974065378406e-01,5.803823403871395392e-01,0.000000000000000000e+00,4.522303677217231477e-01,4.170518599462514908e-01,0.000000000000000000e+00
5.403184214713920852e-01,6.866662714058292538e-01,0.000000000000000000e+00,4.567989496329734611e-01,4.173532712887372265e-01,0.000000000000000000e+00
5.081158551335044349e-01,6.203590007135205697e-01,0.000000000000000000e+00,3.809448302731689995e-01,4.189245862862295833e-01,0.000000000000000000e+00
4.860150977189920951e-01,5.203592905759092391e-01,0.000000000000000000e+00,3.094686353595622608e-01,4.167769476072056278e-01,0.000000000000000000e+00
4.976227555944764402e-01,5.336057394115654162e-01,0.000000000000000000e+00,2.455999198176878617e-01,4.184520314801535301e-01,0.000000000000000000e+00
5.386782581496483147e-01,5.062753152040245785e-01,0.000000000000000000e+00,2.097185229083914082e-01,4.177660376583238189e-01,0.000000000000000000e+00
5.440927438086905488e-01,4.831040555678854931e-01,0.000000000000000000e+00,1.527804753209976163e-01,4.174473244746813028e-01,0.000000000000000000e+00
5.813789414599275229e-01,4.164331445015020949e-01,0.000000000000000000e+00,8.817881124888617139e-02,4.147973804670184728e-01,0.000000000000000000e+00
5.964996367334103322e-01,3.848575303057706898e-01,0.000000000000000000e+00,1.279354257352107588e-02,4.090134670467095446e-01,0.000000000000000000e+00
5.190195996240707377e-01,4.573486368672676217e-01,0.000000000000000000e+00,1.551083714275800982e-02,4.160624931957382922e-01,0.000000000000000000e+00
4.569147844299723538e-01,5.012449964329996899e-01,0.000000000000000000e+00,2.129110132729033350e-02,4.109983144521420773e-01,0.000000000000000000e+00
3.908216625137693745e-01,5.902591399820235063e-01,0.000000000000000000e+00,3.371635940108461127e-02,4.117667227544660191e-01,0.000000000000000000e+00
6.185882086621010689e-01,4.835231368539719132e-01,0.000000000000000000e+00,9.811434382291915890e-01,4.187907844521407408e-01,0.000000000000000000e+00
5.969435181553620628e-01,4.771679079004840784e-01,0.000000000000000000e+00,8.999828154453566320e-01,4.253922935906429559e-01,0.000000000000000000e+00
5.670510560286875501e-01,4.586118515343349245e-01,0.000000000000000000e+00,8.102832159031805315e-01,4.158759539780210179e-01,0.000000000000000000e+00
5.639704851766409455e-01,4.429615160933752516e-01,0.000000000000000000e+00,7.324090438402047765e-01,4.191701083161516461e-01,0.000000000000000000e+00
6.197467137255253666e-01,4.034204300629182782e-01,0.000000000000000000e+00,6.524274621547918596e-01,4.175338805186338820e-01,0.000000000000000000e+00
6.510977812608684800e-01,3.978625897424973856e-01,0.000000000000000000e+00,5.652647071121793543e-01,4.174905703888766584e-01,0.000000000000000000e+00
6.560145824974622508e-01,3.897568747717008453e-01,0.000000000000000000e+00,4.804760270575178516e-01,4.157107213085344810e-01,0.000000000000000000e+00
5.886752079548880356e-01,4.704885646299387658e-01,0.000000000000000000e+00,4.779337630127528658e-01,4.177611853057612290e-01,0.000000000000000000e+00
5.224751206025312067e-01,5.078928111479921181e-01,0.000000000000000000e+00,4.719539582180520276e-01,4.188013205907182290e-01,0.000000000000000000e+00
4.961721678949479464e-01,6.227538951600805062e-01,0.000000000000000000e+00,4.924225559815617048e-01,4.158902797066579837e-01,0.000000000000000000e+00
4.515790985188669615e-01,6.297656884997059334e-01,0.000000000000000000e+00,3.952272513015517297e-01,4.172832503374438451e-01,0.000000000000000000e+00
4.523125346327078189e-01,6.191968893814768782e-01,0.000000000000000000e+00,2.780486382802468404e-01,4.175442750757978327e-01,0.000000000000000000e+00
4.541863398240968963e-01,6.318423654502773879e-01,0.000000000000000000e+00,1.887671592126738684e-01,4.186715423824051707e-01,0.000000000000000000e+00
4.647674735132570345e-01,5.289651436162695619e-01,0.000000000000000000e+00,1.798910290986066862e-01,4.197107247319064038e-01,0.000000000000000000e+00
5.019993324842909610e-01,4.549932218765723735e-01,0.000000000000000000e+00,1.633984668501980986e-01,4.203679845968988915e-01,0.000000000000000000e+00
5.793517147940884238e-01,3.500206134586593132e-01,0.000000000000000000e+00,1.270976731745033783e-01,4.132099092705586174e-01,0.000000000000000000e+00
5.725075830242036812e-01,3.196149837721212195e-01,0.000000000000000000e+00,2.576040250863485467e-02,4.046170136139974338e-01,0.000000000000000000e+00
4.953963850884987030e-01,3.782253748251263037e-01,0.000000000000000000e+00,2.027293133981926745e-02,4.109455206799425553e-01,0.000000000000000000e+00
4.112202675089289827e-01,4.618264969967340039e-01,0.000000000000000000e+00,2.264618649674150427e-02,4.152954105936431661e-01,0.000000000000000000e+00
3.447906528734905329e-01,5.186386421597839469e-01,0.000000000000000000e+00,1.901191626116810821e-02,4.168179173720706898e-01,0.000000000000000000e+00
6.187978987460879265e-01,3.696885849327611884e-01,0.000000000000000000e+00,9.819615499119578317e-01,4.215553239259687279e-01,0.000000000000000000e+00
5.830161143449856809e-01,3.673031004286300139e-01,0.000000000000000000e+00,8.989964104427409231e-01,4.171518824220571409e-01,0.000000000000000000e+00
5.490003571680022176e-01,3.458826465608760281e-01,0.000000000000000000e+00,8.137654153412121616e-01,4.177860683512882867e-01,0.000000000000000000e+00
5.757268773474277790e-01,3.393378205650767199e-01,0.000000000000000000e+00,7.327834721196273549e-01,4.153230059317232215e-01,0.000000000000000000e+00
5.695173093121366215e-01,3.222847956500206057e-01,0.000000000000000000e+00,6.397703871062961900e-01,4.177815131680143179e-01,0.000000000000000000e+00
5.712611354483024817e-01,3.216863385520800644e-01,0.000000000000000000e+00,5.353260699048624227e-01,4.162620706434756457e-01,0.000000000000000000e+00
5.771104640774897820e-01,3.321674824698566675e-01,0.000000000000000000e+00,4.305289853775565723e-01,4.151716823839853854e-01,0.000000000000000000e+00
5.224810927159264651e-01,4.296593118055242466e-01,0.000000000000000000e+00,4.574493637542217384e-01,4.169661968452970102e-01,0.000000000000000000e+00
4.969953906858270432e-01,4.872864901631250856e-01,0.000000000000000000e+00,5.294698825435556477e-01,4.162389136516303489e-01,0.000000000000000000e+00
4.421457622013720834e-01,5.881511043816747275e-01,0.000000000000000000e+00,5.229011237293017533e-01,4.162050413431320761e-01,0.000000000000000000e+00
4.015768683670195571e-01,5.980282171819162329e-01,0.000000000000000000e+00,4.369627982495108420e-01,4.163382690916602735e-01,0.000000000000000000e+00
3.939821649412065807e-01,5.839622196969568302e-01,0.000000000000000000e+00,3.362404281267846740e-01,4.209067270668231941e-01,0.000000000000000000e+00
3.904776237455160892e-01,5.719954920580427871e-01,0.000000000000000000e+00,2.287044797218805714e-01,4.182206134730073188e-01,0.000000000000000000e+00
4.036409415837792225e-01,4.814831988115825800e-01,0.000000000000000000e+00,1.802811877459467582e-01,4.194723684895594329e-01,0.000000000000000000e+00
4.717815725098927215e-01,4.337763545368261142e-01,0.000000000000000000e+00,2.190861434529291218e-01,4.210181618135466763e-01,0.000000000000000000e+00
5.357514824607627624e-01,3.250848392715208202e-01,0.000000000000000000e+00,2.046317913070017092e-01,4.143709603971434396e-01,0.000000000000000000e+00
5.029775408994232588e-01,2.951812474184102308e-01,0.000000000000000000e+00,1.084854252920034318e-01,4.103400551981757349e-01,0.000000000000000000e+00
4.721778636467407475e-01,2.855527038907770265e-01,0.000000000000000000e+00,2.240019047391803367e-02,4.155083618493967124e-01,0.000000000000000000e+00
3.944395802783076665e-01,3.644957821777551898e-01,0.000000000000000000e+00,1.558558265038860989e-02,4.142040065640649193e-01,0.000000000000000000e+00
3.262605465673834026e-01,4.497976159144602137e-01,0.000000000000000000e+00,1.960893980116281549e-02,4.117515486669839908e-01,0.000000000000000000e+00
5.174848141330077311e-01,2.967643579119115804e-01,0.000000000000000000e+00,9.704502329905596580e-01,4.246046180657382374e-01,0.000000000000000000e+00
4.495727408630576516e-01,2.698864990274584819e-01,0.000000000000000000e+00,9.136737764884386159e-01,4.244421970824291401e-01,0.000000000000000000e+00
4.236276337188260577e-01,2.610912685930558141e-01,0.000000000000000000e+00,8.142349256186258710e-01,4.201696277647747335e-01,0.000000000000000000e+00
4.442700541891525523e-01,2.696975794619383415e-01,0.000000000000000000e+00,7.166177855275663866e-01,4.192428835109543450e-01,0.000000000000000000e+00
4.559358897581638481e-01,2.777621503899802557e-01,0.000000000000000000e+00,6.180759191805922370e-01,4.170974992172701845e-01,0.000000000000000000e+00
4.623888255025053184e-01,2.749931318664805002e-01,0.000000000000000000e+00,5.187729965307336100e-01,4.177072960982267102e-01,0.000000000000000000e+00
4.835006409957667839e-01,3.063827938946420693e-01,0.000000000000000000e+00,4.360118866491825562e-01,4.165890455120552782e-01,0.000000000000000000e+00
4.539129528527316992e-01,4.150661607506684891e-01,0.000000000000000000e+00,4.977523731830917897e-01,4.143628841030458920e-01,0.000000000000000000e+00
4.346195358215482751e-01,4.819421238021500686e-01,0.000000000000000000e+00,5.776215011975994740e-01,4.118425229449026448e-01,0.000000000000000000e+00
3.807686933040073107e-01,5.672368216761261017e-01,0.000000000000000000e+00,5.608944814450479432e-01,4.127868164380079641e-01,0.000000000000000000e+00
3.780551764187001229e-01,5.362041961979442384e-01,0.000000000000000000e+00,4.653600915901308643e-01,4.145794084147625957e-01,0.000000000000000000e+00
4.017832872292721458e-01,4.955673995578122604e-01,0.000000000000000000e+00,3.851108077458830214e-01,4.169960267045979552e-01,0.000000000000000000e+00
3.811831601063882524e-01,4.932168386770786617e-01,0.000000000000000000e+00,2.899464389804188302e-01,4.166455698683002029e-01,0.000000000000000000e+00
3.523029093001459056e-01,4.683748485444074183e-01,0.000000000000000000e+00,1.994386642966377576e-01,4.164984383418214309e-01,0.000000000000000000e+00
4.218530492195434745e-01,4.037383251940467876e-01,0.000000000000000000e+00,2.544899851423909065e-01,4.199805267214052895e-01,0.000000000000000000e+00
4.769840746328679604e-01,2.983916187041268930e-01,0.000000000000000000e+00,2.677121444633615011e-01,4.200770705954208761e-01,0.000000000000000000e+00
4.275857245797088368e-01,2.594198258522715239e-01,0.000000000000000000e+00,1.785772266459816626e-01,4.190335356079719631e-01,0.000000000000000000e+00
3.992102725713753131e-01,2.524544405120072166e-01,0.000000000000000000e+00,8.810776295380906564e-02,4.111706360348478806e-01,0.000000000000000000e+00
3.795993996901985690e-01,2.413688914274426389e-01,0.000000000000000000e+00,1.162135237004162380e-02,4.093905945626429843e-01,0.000000000000000000e+00
3.057072129159706386e-01,3.378649720072917639e-01,0.000000000000000000e+00,1.988064810129249599e-02,4.067914395755634627e-01,0.000000000000000000e+00
4.146065210605029971e-01,2.815681306955057916e-01,0.000000000000000000e+00,9.808954098362933083e-01,4.206051213084545659e-01,0.000000000000000000e+00
3.295418213374640692e-01,2.112086481866636001e-01,0.000000000000000000e+00,9.590335161744698578e-01,4.263218761965691384e-01,0.000000000000000000e+00
3.032868773088476244e-01,1.956911538088895453e-01,0.000000000000000000e+00,8.301474952788284734e-01,4.186990933889807587e-01,0.000000000000000000e+00
3.267252654778170506e-01,2.052483334043898877e-01,0.000000000000000000e+00,7.199013439239410062e-01,4.141924247120766789e-01,0.000000000000000000e+00
3.573942904993638314e-01,2.202882975104469565e-01,0.000000000000000000e+00,6.189675897814952421e-01,4.167580786014942751e-01,0.000000000000000000e+00
3.471261199337047354e-01,2.155615053747405307e-01,0.000000000000000000e+00,5.180442889107463866e-01,4.174396439101566436e-01,0.000000000000000000e+00
3.674817913617030585e-01,3.041622487256549490e-01,0.000000000000000000e+00,4.952775953054430191e-01,4.196517646823376135e-01,0.000000000000000000e+00
3.735888611108630353e-01,4.330078225096175570e-01,0.000000000000000000e+00,5.517677097713400425e-01,4.151206204391954535e-01,0.000000000000000000e+00
3.514276592528831622e-01,4.893266896490004458e-01,0.000000000000000000e+00,5.949664597525901044e-01,4.152847219024822234e-01,0.000000000000000000e+00
3.252941754359904292e-01,5.146488301573117763e-01,0.000000000000000000e+00,5.353992035734134181e-01,4.148145292333255685e-01,0.000000000000000000e+00
3.132417468462401766e-01,4.941514979682912201e-01,0.000000000000000000e+00,4.702363722972460747e-01,4.151524813210039633e-01,0.000000000000000000e+00
3.284180451364484554e-01,4.801667726239153833e-01,0.000000000000000000e+00,3.963207038205247001e-01,4.154831772658333366e-01,0.000000000000000000e+00
3.100325276002312003e-01,4.964561580405391639e-01,0.000000000000000000e+00,3.179964845821804387e-01,4.163970429844195409e-01,0.000000000000000000e+00
3.066947908551556634e-01,4.606664657227929061e-01,0.000000000000000000e+00,2.608176749886201851e-01,4.120360503761553161e-01,0.000000000000000000e+00
3.555541082530312424e-01,3.450278295382393501e-01,0.000000000000000000e+00,2.936044408201440303e-01,4.163725860368189258e-01,0.000000000000000000e+00
4.000887164885889025e-01,2.462291468960799423e-01,0.000000000000000000e+00,3.171293282144817538e-01,4.176544604106648961e-01,0.000000000000000000e+00
3.604958065292969138e-01,2.260282406933790400e-01,0.000000000000000000e+00,2.361387030983201907e-01,4.188974081286948592e-01,0.000000000000000000e+00
3.146836586797214785e-01,2.096617503299154639e-01,0.000000000000000000e+00,1.316407273847834958e-01,4.162560969220143181e-01,0.000000000000000000e+00
3.049058417353566197e-01,1.886065570070186992e-01,0.000000000000000000e+00,2.416160227257008880e-02,4.121869877379569225e-01,0.000000000000000000e+00
2.355681049994800824e-01,2.780816291848406951e-01,0.000000000000000000e+00,1.404475608736170493e-02,4.129451619542277574e-01,0.000000000000000000e+00
3.869189432152350672e-01,4.461704743781720328e-01,0.000000000000000000e+00,9.842781054595675094e-01,4.165286972437916568e-01,0.000000000000000000e+00
3.284957682158303749e-01,3.625649633092723478e-01,0.000000000000000000e+00,9.535292657107897751e-01,4.192790699496848905e-01,0.000000000000000000e+00
3.030385784501248292e-01,3.295214877962139854e-01,0.000000000000000000e+00,8.334908929625115537e-01,4.160078959786840391e-01,0.000000000000000000e+00
3.177319979925774529e-01,3.440273904164972696e-01,0.000000000000000000e+00,7.466743907565230876e-01,4.138839284797677931e-01,0.000000000000000000e+00
3.092138096994880292e-01,3.324984979701901544e-01,0.000000000000000000e+00,6.564252758141237987e-01,4.110188775911167158e-01,0.000000000000000000e+00
2.823407501895402461e-01,3.228429571756603056e-01,0.000000000000000000e+00,5.701494533474041893e-01,4.172245551978342459e-01,0.000000000000000000e+00
2.269623469740558452e-01,3.618949484093313962e-01,0.000000000000000000e+00,5.407016818384925427e-01,4.155129767519154527e-01,0.000000000000000000e+00
2.599880789556953675e-01,4.627194675295030479e-01,0.000000000000000000e+00,5.697262782638266021e-01,4.173511055025989069e-01,0.000000000000000000e+00
2.562071999425621915e-01,5.208875621005061296e-01,0.000000000000000000e+00,5.767692332845468783e-01,4.227946737158438384e-01,0.000000000000000000e+00
2.478620174064185555e-01,5.012344141103151074e-01,0.000000000000000000e+00,5.104535333619498738e-01,4.170298231309789716e-01,0.000000000000000000e+00
2.495235123186884396e-01,4.844810311668592551e-01,0.000000000000000000e+00,4.579765279181421955e-01,4.197162294886266354e-01,0.000000000000000000e+00
2.557418533712896291e-01,5.088934705065073505e-01,0.000000000000000000e+00,4.020814750803515802e-01,4.134582437329357152e-01,0.000000000000000000e+00
2.473935245551356910e-01,5.069822033372871628e-01,0.000000000000000000e+00,3.398316045649363293e-01,4.151577217356329230e-01,0.000000000000000000e+00
2.563449936212442437e-01,4.381155610026530867e-01,0.000000000000000000e+00,3.273730746662342761e-01,4.132094555630824173e-01,0.000000000000000000e+00
2.729780293326753426e-01,3.152888645501482623e-01,0.000000000000000000e+00,3.652333802898944937e-01,4.149604664964229861e-01,0.000000000000000000e+00
3.021796904180102938e-01,2.121155951874880985e-01,0.000000000000000000e+00,3.700807400883093234e-01,4.127819870469031649e-01,0.000000000000000000e+00
2.478518188116780041e-01,1.781381716666772530e-01,0.000000000000000000e+00,2.872893532586117682e-01,4.154008641213021713e-01,0.000000000000000000e+00
2.143138331201295266e-01,1.760640019400041834e-01,0.000000000000000000e+00,1.721713848582074602e-01,4.164803109980658169e-01,0.000000000000000000e+00
1.981325238435940050e-01,1.786464401622712694e-01,0.000000000000000000e+00,4.057050341590089787e-02,4.154733969143389882e-01,0.000000000000000000e+00
1.205256806134384628e-01,2.240635877214029459e-01,0.000000000000000000e+00,1.397485682555953644e-02,4.115704710183360482e-01,0.000000000000000000e+00
3.299778695806877549e-01,5.366412248047105482e-01,0.000000000000000000e+00,9.831345428160077615e-01,4.204881081424249878e-01,0.000000000000000000e+00
3.318150534500070026e-01,4.947511284650017438e-01,0.000000000000000000e+00,9.222393924416146804e-01,4.222610651583118546e-01,0.000000000000000000e+00
3.618992853648148045e-01,4.675629184851670117e-01,0.000000000000000000e+00,8.256223594216262063e-01,4.156600778218509373e-01,0.000000000000000000e+00
3.629202997267082509e-01,4.710192302140660536e-01,0.000000000000000000e+00,7.400840199181962786e-01,4.198767423667600918e-01,0.000000000000000000e+00
3.002304440952788811e-01,4.802309553673582698e-01,0.000000000000000000e+00,6.927353494318029270e-01,4.177426306833458280e-01,0.000000000000000000e+00
2.412113994784502446e-01,4.751057172744572732e-01,0.000000000000000000e+00,6.419172631831517872e-01,4.160515350968046477e-01,0.000000000000000000e+00
1.894584326806438290e-01,4.589260705741406987e-01,0.000000000000000000e+00,6.075073941270090483e-01,4.143103367100576251e-01,0.000000000000000000e+00
1.798736417214764904e-01,4.822981668689660939e-01,0.000000000000000000e+00,5.766164262875872470e-01,4.117265370938713587e-01,0.000000000000000000e+00
1.847783540195058472e-01,5.070549211535717582e-01,0.000000000000000000e+00,5.420737271954331193e-01,4.155695211948782219e-01,0.000000000000000000e+00
1.922034633990547525e-01,4.870169368175831792e-01,0.000000000000000000e+00,5.006267158057287059e-01,4.186310453210899118e-01,0.000000000000000000e+00
1.952336838975796129e-01,4.733964059475913033e-01,0.000000000000000000e+00,4.543446543287187334e-01,4.145239758248556727e-01,0.000000000000000000e+00
1.971987773748996309e-01,4.974449714458377136e-01,0.000000000000000000e+00,4.111678841356691261e-01,4.163251165475761462e-01,0.000000000000000000e+00
2.011914909785814110e-01,4.921126570354520391e-01,0.000000000000000000e+00,3.630498162390111139e-01,4.173702967178302137e-01,0.000000000000000000e+00
1.942024414631473295e-01,4.436976524465169325e-01,0.000000000000000000e+00,3.545058331340516511e-01,4.143043258263752748e-01,0.000000000000000000e+00
1.865526111468464865e-01,3.572739949211721777e-01,0.000000000000000000e+00,3.783852769831581031e-01,4.182893946751266023e-01,0.000000000000000000e+00
1.886985098638958858e-01,2.739935802216879046e-01,0.000000000000000000e+00,3.296326798525419099e-01,4.156424487262015965e-01,0.000000000000000000e+00
1.237164119974220877e-01,2.011637966363730712e-01,0.000000000000000000e+00,2.859491027070628077e-01,4.149208205169461205e-01,0.000000000000000000e+00
1.100047535194320775e-01,2.168320776919119286e-01,0.000000000000000000e+00,1.746157653841739210e-01,4.164466465707497012e-01,0.000000000000000000e+00
9.391303509750750789e-02,2.897601726524842158e-01,0.000000000000000000e+00,7.919514378134499821e-02,4.078351124750670409e-01,0.000000000000000000e+00
9.584120326896593267e-02,3.397681222079309005e-01,0.000000000000000000e+00,1.061291346778995247e-02,4.130511669024382049e-01,0.000000000000000000e+00
2.366476768535873132e-01,4.945822810772697031e-01,0.000000000000000000e+00,9.884459755949133175e-01,4.172201920149311016e-01,0.000000000000000000e+00
2.397836051807626934e-01,4.947748828353976114e-01,0.000000000000000000e+00,9.297744062144269739e-01,4.187050522252124818e-01,0.000000000000000000e+00
2.606727425677025645e-01,5.022567642994260062e-01,0.000000000000000000e+00,8.449957353569302887e-01,4.189701814344017339e-01,0.000000000000000000e+00
2.639873930563546023e-01,5.022867153369547921e-01,0.000000000000000000e+00,7.798374071876167379e-01,4.148916797574120352e-01,0.000000000000000000e+00
2.239516126345817704e-01,4.954697497116056781e-01,0.000000000000000000e+00,7.266926528843539179e-01,4.148830175453742108e-01,0.000000000000000000e+00
1.839280317521913011e-01,4.971888585960419493e-01,0.000000000000000000e+00,6.674782985125879975e-01,4.160852791421990604e-01,0.000000000000000000e+00
1.482097648166995629e-01,4.760649817559983177e-01,0.000000000000000000e+00,6.317298845489169867e-01,4.175078012271558059e-01,0.000000000000000000e+00
1.182567335441060269e-01,4.663960201474098843e-01,0.000000000000000000e+00,5.913401790807193414e-01,4.148551772039056895e-01,0.000000000000000000e+00
1.286343970967082639e-01,4.738270479922629952e-01,0.000000000000000000e+00,5.406649281456201717e-01,4.130813744228671314e-01,0.000000000000000000e+00
1.444895167267004343e-01,4.722202802991851134e-01,0.000000000000000000e+00,5.001075176540172862e-01,4.173775266962639896e-01,0.000000000000000000e+00
1.502788784393239985e-01,4.754003807840530005e-01,0.000000000000000000e+00,4.497024900192388430e-01,4.144588338560564744e-01,0.000000000000000000e+00
1.570692905429852959e-01,4.817714033863884637e-01,0.000000000000000000e+00,4.046253832929556649e-01,4.150139480119792723e-01,0.000000000000000000e+00
1.635723953662206742e-01,4.874591557084094751e-01,0.000000000000000000e+00,3.555402319814861545e-01,4.200216973407565058e-01,0.000000000000000000e+00
1.743958835457154466e-01,4.791149490229536512e-01,0.000000000000000000e+00,3.176101112429521311e-01,4.164735137131800324e-01,0.000000000000000000e+00
1.723389197616832236e-01,4.437583663276419843e-01,0.000000000000000000e+00,2.951546303000504579e-01,4.168095827847916879e-01,0.000000000000000000e+00
1.665076019248236672e-01,3.852874282984662946e-01,0.000000000000000000e+00,2.607700658913174596e-01,4.167796570453959903e-01,0.000000000000000000e+00
1.687632974760928384e-01,3.252710763697220231e-01,0.000000000000000000e+00,2.090544125650728169e-01,4.167139640228538222e-01,0.000000000000000000e+00
1.081057579496846610e-01,3.429083302566147684e-01,0.000000000000000000e+00,1.575443027074093505e-01,4.180638982788950075e-01,0.000000000000000000e+00
4.155706075857661108e-02,3.966730335790103479e-01,0.000000000000000000e+00,7.968607165161707695e-02,4.178034489937217932e-01,0.000000000000000000e+00
3.022510279770307742e-02,4.054309519644636595e-01,0.000000000000000000e+00,1.164984524864318312e-02,4.154011751443322242e-01,0.000000000000000000e+00
1.721427962076416962e-01,4.927107866904533728e-01,0.000000000000000000e+00,9.913490626188616872e-01,4.187623720917803549e-01,0.000000000000000000e+00
1.659390567532869898e-01,4.883237844062389699e-01,0.000000000000000000e+00,9.472746542709296058e-01,4.191673083310979986e-01,0.000000000000000000e+00
1.709439483296678608e-01,4.873704417822292689e-01,0.000000000000000000e+00,8.679534563303256123e-01,4.201293155304141602e-01,0.000000000000000000e+00
1.791472539862526414e-01,4.780357214206678584e-01,0.000000000000000000e+00,8.089602184263954276e-01,4.148762077733990083e-01,0.000000000000000000e+00
1.636143502951337148e-01,4.912579740085067925e-01,0.000000000000000000e+00,7.578290541069727659e-01,4.153704761480547236e-01,0.000000000000000000e+00
1.403305401099204930e-01,4.748829493885983744e-01,0.000000000000000000e+00,7.002817789294621953e-01,4.145545819886593542e-01,0.000000000000000000e+00
8.638518344741855093e-02,4.505762958942736152e-01,0.000000000000000000e+00,6.624938248717805456e-01,4.153672687286232290e-01,0.000000000000000000e+00
3.045451860101575092e-02,4.253395983433622685e-01,0.000000000000000000e+00,6.233642786569136840e-01,4.170262197765570167e-01,0.000000000000000000e+00
4.284051011858345387e-02,4.270466750142252743e-01,0.000000000000000000e+00,5.429409220721355123e-01,4.162476271140052586e-01,0.000000000000000000e+00
8.252157268327378614e-02,4.506680393400785412e-01,0.000000000000000000e+00,4.901334487694617992e-01,4.159901371047961538e-01,0.000000000000000000e+00
1.003257651289443803e-01,4.593349458957312614e-01,0.000000000000000000e+00,4.388279551211338725e-01,4.165122213018627728e-01,0.000000000000000000e+00
1.104175353581030306e-01,4.711581469588363436e-01,0.000000000000000000e+00,3.905281691323190252e-01,4.171713800215655077e-01,0.000000000000000000e+00
1.281373822053427924e-01,4.754811300662886708e-01,0.000000000000000000e+00,3.315275626134933651e-01,4.162202301555965600e-01,0.000000000000000000e+00
1.461573992081338647e-01,4.838944193828005336e-01,0.000000000000000000e+00,2.800395527046511401e-01,4.190949499434894476e-01,0.000000000000000000e+00
1.856245447473847676e-01,5.030235450147950704e-01,0.000000000000000000e+00,2.575114491823646268e-01,4.194555398756579234e-01,0.000000000000000000e+00
1.826012218097649298e-01,4.659930565436622985e-01,0.000000000000000000e+00,2.227199644276015023e-01,4.167233352886940967e-01,0.000000000000000000e+00
1.746622613826553927e-01,4.273879334665680596e-01,0.000000000000000000e+00,1.723844880969152005e-01,4.159439280053258137e-01,0.000000000000000000e+00
1.442441634644792969e-01,4.449484921531835502e-01,0.000000000000000000e+00,1.181849265802394078e-01,4.144627623461525912e-01,0.000000000000000000e+00
9.213266596771026162e-02,4.631825783481440806e-01,0.000000000000000000e+00,5.671414010678349493e-02,4.099026343867056554e-01,0.000000000000000000e+00
4.624849477589087349e-02,4.733374273992474457e-01,0.000000000000000000e+00,1.410565595604323930e-02,4.125796768136211212e-01,0.000000000000000000e+00
1.589277034136975519e-01,3.850048565894089725e-01,0.000000000000000000e+00,9.725928114275479430e-01,4.197637688648830911e-01,0.000000000000000000e+00
1.100367246645593128e-01,4.606015322795705136e-01,0.000000000000000000e+00,9.785817145687023544e-01,4.244124127037401384e-01,0.000000000000000000e+00
1.159606655593396762e-01,4.630661709139912707e-01,0.000000000000000000e+00,9.018929115206933966e-01,4.177554855627949038e-01,0.000000000000000000e+00
1.166168733098479349e-01,4.633591048183113292e-01,0.000000000000000000e+00,8.300613365744392569e-01,4.148228414307938983e-01,0.000000000000000000e+00
1.134138047787139614e-01,4.592090231243326492e-01,0.000000000000000000e+00,7.639801464877432613e-01,4.138154812884971556e-01,0.000000000000000000e+00
1.388163685788430524e-01,3.973797873790360091e-01,0.000000000000000000e+00,7.387014741190534028e-01,4.149908578116192626e-01,0.000000000000000000e+00
1.187455946274389301e-01,3.406604179700293278e-01,0.000000000000000000e+00,6.865597989713803084e-01,4.184561341422759484e-01,0.000000000000000000e+00
8.873606070626045839e-02,3.176656812160117416e-01,0.000000000000000000e+00,6.161481995501165709e-01,4.186889008084985209e-01,0.000000000000000000e+00
8.373480770945949947e-02,3.205880608648612462e-01,0.000000000000000000e+00,5.289560003665133570e-01,4.164239878645697446e-01,0.000000000000000000e+00
6.545284873518164570e-02,3.750152230086172822e-01,0.000000000000000000e+00,4.675739341341619837e-01,4.173616849547273633e-01,0.000000000000000000e+00
3.945852506796043019e-02,4.297295204260490054e-01,0.000000000000000000e+00,4.341977512699072284e-01,4.174292537439887041e-01,0.000000000000000000e+00
3.823658642008986169e-02,4.636655540146527588e-01,0.000000000000000000e+00,3.712415796260818412e-01,4.185545905791315802e-01,0.000000000000000000e+00
6.290840545916795423e-02,4.582808863603958782e-01,0.000000000000000000e+00,2.959258738466974403e-01,4.202153498917597374e-01,0.000000000000000000e+00
9.303671672859745168e-02,4.680944900253053431e-01,0.000000000000000000e+00,2.358155711139746924e-01,4.181208600895007232e-01,0.000000000000000000e+00
1.435583430942458383e-01,4.832096519111336863e-01,0.000000000000000000e+00,2.127749037839180846e-01,4.202609745986100043e-01,0.000000000000000000e+00
1.849478830685032660e-01,4.869899340847541058e-01,0.000000000000000000e+00,1.892199204566852311e-01,4.179802059540095316e-01,0.000000000000000000e+00
2.051564631541484829e-01,4.784719893741314900e-01,0.000000000000000000e+00,1.496718185655563083e-01,4.133767028694900203e-01,0.000000000000000000e+00
1.849116382925126145e-01,4.844219816351270080e-01,0.000000000000000000e+00,9.644870318509324303e-02,4.112399670456171052e-01,0.000000000000000000e+00
1.600749324666572437e-01,4.790485929113706409e-01,0.000000000000000000e+00,4.130192309491152042e-02,4.098214412733593992e-01,0.000000000000000000e+00
1.307568144689332523e-01,4.694204915878643636e-01,0.000000000000000000e+00,5.145350619657482368e-03,4.148407672859812934e-01,0.000000000000000000e+00
1.043206599840059978e-01,2.537467470089286858e-01,0.000000000000000000e+00,9.656384724785115337e-01,4.212484803453662718e-01,0.000000000000000000e+00
4.311883589029578273e-02,3.914472983469819423e-01,0.000000000000000000e+00,9.804732904766397805e-01,4.195944536841436645e-01,0.000000000000000000e+00
3.156407007584401819e-02,4.529990871264328312e-01,0.000000000000000000e+00,9.424828776875181502e-01,4.213130685445502510e-01,0.000000000000000000e+00
3.610406922233662386e-02,4.413542996712357946e-01,0.000000000000000000e+00,8.364383053529593770e-01,4.252218238161147301e-01,0.000000000000000000e+00
3.175198693661412247e-02,4.264347502435828496e-01,0.000000000000000000e+00,7.605976645062082486e-01,4.174090451246862954e-01,0.000000000000000000e+00
9.214561106883234487e-02,3.240213618592340805e-01,0.000000000000000000e+00,7.825785394629575231e-01,4.155850295269993833e-01,0.000000000000000000e+00
1.058521718709182907e-01,2.189140197363229068e-01,0.000000000000000000e+00,7.425716408371698662e-01,4.172210841173311646e-01,0.000000000000000000e+00
1.284147951173160440e-01,1.926594525573517014e-01,0.000000000000000000e+00,6.080798532330208284e-01,4.179905978282130730e-01,0.000000000000000000e+00
1.094837665533635040e-01,1.973380802028383285e-01,0.000000000000000000e+00,5.008906491146661866e-01,4.230707420725553503e-01,0.000000000000000000e+00
8.514487719994374981e-02,2.667113538770052861e-01,0.000000000000000000e+00,4.264743864214600721e-01,4.185130059992811513e-01,0.000000000000000000e+00
5.544812268695440555e-02,3.739544720982744264e-01,0.000000000000000000e+00,3.841535489976125595e-01,4.219538381375551594e-01,0.000000000000000000e+00
2.518536288056555036e-02,4.191320135196852648e-01,0.000000000000000000e+00,3.220579619705819518e-01,4.233131320911435180e-01,0.000000000000000000e+00
2.224161085473045502e-02,4.261680926012844095e-01,0.000000000000000000e+00,2.490049294862667351e-01,4.221146577235139197e-01,0.000000000000000000e+00
3.066616045467841778e-02,4.378052727545285738e-01,0.000000000000000000e+00,1.795954905547622604e-01,4.184725307571844355e-01,0.000000000000000000e+00
1.161163276814230344e-01,4.745774003443525846e-01,0.000000000000000000e+00,1.701283655965113994e-01,4.210044041910246948e-01,0.000000000000000000e+00
1.708478186098938423e-01,5.225607326272644348e-01,0.000000000000000000e+00,1.708028507728648338e-01,4.202303585695478794e-01,0.000000000000000000e+00
2.536298562031824022e-01,5.120795767308348179e-01,0.000000000000000000e+00,1.626191241479587601e-01,4.163807330833562137e-01,0.000000000000000000e+00
2.526979226599893602e-01,4.989213007041639614e-01,0.000000000000000000e+00,7.668260955843625437e-02,4.103105707050804796e-01,0.000000000000000000e+00
2.307821135818031166e-01,5.054702839475513354e-01,0.000000000000000000e+00,7.952442699782048818e-03,4.114642167487037594e-01,0.000000000000000000e+00
1.749176441948284699e-01,4.871147858702262190e-01,0.000000000000000000e+00,2.480727833753178756e-03,4.156506631312831268e-01,0.000000000000000000e+00
